{
    "type": "mech",
    "localizedName": "Человек с тяжелым огнеметом",
    "hitSize": 16,
    "speed": 0.5,
    "rotateSpeed": 2,
    "health": 480,
    "armor": 50,
    "buildSpeed": 1,
    "lightRadius": 120,
    "lightColor": "ff0011",
    "immunities": [
        "burning"
    ],
    "weapons": [
    	{
    		"name": "frs",
    		"reload": 5,
    		"mirror": false,
    		"x": 1.5,
    		"y": 2,
            "shootX": 1.5,
            "shootY": 2,
            "shots": 3,
    		"bullet": {
    			"type": "FireBulletType",
    			"damage": 100,
    			"status": "burning",
    			"statusDuration": 1000,
    			"lifetime": 100,
    			"length": 350,
    			"knockback": 0.3,
    		}
    	}]}
