{
    "type": "mech",
    "localizedName": "Легкий танк",
    "hitSize": 65,
    "speed": 0.5,
    "rotateSpeed": 2,
    "health": 500,
    "armor": 50,
    "buildSpeed": 0,
    "lightRadius": 120,
    "lightColor": "ff0011",
    "immunities": [
        "blasted"
    ],
    "weapons": [
      {
        "name": "tankweapon",
        "reload": 80,
        "mirror": false,
        "bullet": {
          "type": "ArtilleryBulletType",
          "damage": 120,
          "lifetime": 60,
          "speed": 4,
          "width": 15,
          "length": 15
  }
        }
      ]

  
}
